{"initial_reset_timestamp": 1532892004.7136183, "episode_rewards": [200.0], "timestamps": [1532892006.3936899], "episode_lengths": [200], "episode_types": ["t"]}